Variants,Chromosom,Postion,REF,ALT,Gene,Type,AA,NUC
B.1.351,NC_045512.2,10323,A,G,NA,NA,A10323G,A10323G
B.1.617.1,NC_045512.2,11201,A,G,NA,NA,A11201G,A11201G
A.27,NC_045512.2,11217,A,G,NA,NA,A11217G,A11217G
AT.1,NC_045512.2,11451,A,G,NA,NA,A11451G,A11451G
B.1.1.347,NC_045512.2,11755,A,T,NA,NA,A11755T,A11755T
B.1.429,NC_045512.2,12878,A,G,NA,NA,A12878G,A12878G
P.2,NC_045512.2,12964,A,G,NA,NA,A12964G,A12964G
B.1.621,NC_045512.2,13057,A,T,NA,NA,A13057T,A13057T
B.1.616,NC_045512.2,15905,A,G,NA,NA,A15905G,A15905G
B.1.1.70,NC_045512.2,15972,A,G,NA,NA,A15972G,A15972G
B.1.526;B.1.526.2,NC_045512.2,16500,A,C,NA,NA,A16500C,A16500C
B.1.1.197,NC_045512.2,16607,A,G,NA,NA,A16607G,A16607G
B.1.160,NC_045512.2,16889,A,G,NA,NA,A16889G,A16889G
B.1.525,NC_045512.2,1807,A,G,NA,NA,A1807G,A1807G
A.27,NC_045512.2,18366,A,G,NA,NA,A18366G,A18366G
R.1,NC_045512.2,19167,A,G,NA,NA,A19167G,A19167G
A.27;B.1.526;B.1.526.2,NC_045512.2,20262,A,G,NA,NA,A20262G,A20262G
B.1.258;B.1.258.17,NC_045512.2,20268,A,G,NA,NA,A20268G,A20268G
B.1.617.1,NC_045512.2,20396,A,G,NA,NA,A20396G,A20396G
B.1.525,NC_045512.2,20724,A,G,NA,NA,A20724G,A20724G
B.1.616,NC_045512.2,21488,A,G,NA,NA,A21488G,A21488G
B.1.351,NC_045512.2,21801,A,C,NA,NA,A21801C,A21801C
B.1.526.1,NC_045512.2,21801,A,G,NA,NA,A21801G,A21801G
AT.1;B.1.351;B.1.616,NC_045512.2,22206,A,G,NA,NA,A22206G,A22206G
AT.1,NC_045512.2,22296,A,C,NA,NA,A22296C,A22296C
B.1.526;B.1.526.2,NC_045512.2,22320,A,G,NA,NA,A22320G,A22320G
P.1,NC_045512.2,22812,A,C,NA,NA,A22812C,A22812C
A.27;B.1.1.7;B.1.351;B.1.621;P.1;P.3,NC_045512.2,23063,A,T,NA,NA,A23063T,A23063T
A.28,NC_045512.2,23064,A,C,NA,NA,A23064C,A23064C
AT.1;B.1;B.1.1;B.1.1.1;B.1.1.153;B.1.1.170;B.1.1.197;B.1.1.232;B.1.1.29;B.1.1.318;B.1.1.347;B.1.1.39;B.1.1.7;B.1.1.70;B.1.160;B.1.177;B.1.177.86;B.1.214.2;B.1.221;B.1.222;B.1.258;B.1.258.17;B.1.351;B.1.427;B.1.429;B.1.525;B.1.526;B.1.526.1;B.1.526.2;B.1.616;B.1.617.1;B.1.617.2;B.1.620;B.1.621;C.16;C.36;C.37;P.1;P.2;P.3;R.1,NC_045512.2,23403,A,G,NA,NA,A23403G,A23403G
B.1.620,NC_045512.2,23416,A,T,NA,NA,A23416T,A23416T
B.1.616,NC_045512.2,24408,A,G,NA,NA,A24408G,A24408G
B.1.526.2,NC_045512.2,24432,A,G,NA,NA,A24432G,A24432G
B.1.616,NC_045512.2,25121,A,G,NA,NA,A25121G,A25121G
B.1.221,NC_045512.2,25505,A,G,NA,NA,A25505G,A25505G
B.1.526.2,NC_045512.2,25968,A,G,NA,NA,A25968G,A25968G
A.28,NC_045512.2,27489,A,G,NA,NA,A27489G,A27489G
P.3,NC_045512.2,27897,A,C,NA,NA,A27897C,A27897C
B.1.1.7,NC_045512.2,28111,A,G,NA,NA,A28111G,A28111G
AT.1;B.1.1.318,NC_045512.2,28271,A,G,NA,NA,A28271G,A28271G
B.1.620;C.37,NC_045512.2,28271,A,T,NA,NA,A28271T,A28271T
A.28;B.1.427;B.1.429;B.1.621,NC_045512.2,28272,A,T,NA,NA,A28272T,A28272T
A.27,NC_045512.2,28273,A,T,NA,NA,A28273T,A28273T
B.1.1.7,NC_045512.2,28281,A,T,NA,NA,A28281T,A28281T
B.1.617.2,NC_045512.2,28461,A,G,NA,NA,A28461G,A28461G
B.1.525,NC_045512.2,28699,A,G,NA,NA,A28699G,A28699G
P.1,NC_045512.2,28877,A,T,NA,NA,A28877T,A28877T
AT.1,NC_045512.2,3542,A,G,NA,NA,A3542G,A3542G
A.27,NC_045512.2,361,A,G,NA,NA,A361G,A361G
B.1.1.318,NC_045512.2,3852,A,T,NA,NA,A3852T,A3852T
B.1.616,NC_045512.2,4236,A,G,NA,NA,A4236G,A4236G
B.1.214.2,NC_045512.2,4457,A,G,NA,NA,A4457G,A4457G
A.28,NC_045512.2,481,A,G,NA,NA,A481G,A481G
P.3,NC_045512.2,4926,A,G,NA,NA,A4926G,A4926G
AT.1,NC_045512.2,5176,A,G,NA,NA,A5176G,A5176G
P.1,NC_045512.2,5648,A,C,NA,NA,A5648C,A5648C
P.1,NC_045512.2,6319,A,G,NA,NA,A6319G,A6319G
P.1,NC_045512.2,6613,A,G,NA,NA,A6613G,A6613G
B.1.526.2,NC_045512.2,7201,A,G,NA,NA,A7201G,A7201G
A.27,NC_045512.2,9204,A,G,NA,NA,A9204G,A9204G
B.1.526.1,NC_045512.2,9749,A,G,NA,NA,A9749G,A9749G
B.1.1.318,NC_045512.2,27886,AAACGAACATGAAATT,A,NA,NA,AAACGAACATGAAATT27886A,AAACGAACATGAAATT27886A
B.1.351;B.1.620,NC_045512.2,22280,ACTTTACTTG,A,NA,NA,ACTTTACTTG22280A,ACTTTACTTG22280A
C.37,NC_045512.2,22298,AGAAGTTATTTGACTCCTGGTG,A,NA,NA,AGAAGTTATTTGACTCCTGGTG22298A,AGAAGTTATTTGACTCCTGGTG22298A
A.27,NC_045512.2,28247,AGATTTC,A,NA,NA,AGATTTC28247A,AGATTTC28247A
A.28;B.1.1.7;B.1.258.17;B.1.525;B.1.620,NC_045512.2,21764,ATACATG,A,NA,NA,ATACATG21764A,ATACATG21764A
AT.1;C.37,NC_045512.2,10029,C,T,NA,NA,C10029T,C10029T
P.2,NC_045512.2,100,C,T,NA,NA,C100T,C100T
B.1.1.318,NC_045512.2,10116,C,T,NA,NA,C10116T,C10116T
B.1.616,NC_045512.2,10252,C,T,NA,NA,C10252T,C10252T
B.1.351;B.1.427;B.1.429;B.1.526;B.1.526.1;B.1.526.2;B.1.616,NC_045512.2,1059,C,T,NA,NA,C1059T,C1059T
A.23.1,NC_045512.2,10747,C,T,NA,NA,C10747T,C10747T
A.27,NC_045512.2,1122,C,T,NA,NA,C1122T,C1122T
P.3,NC_045512.2,11308,C,A,NA,NA,C11308A,C11308A
B.1.160,NC_045512.2,11497,C,T,NA,NA,C11497T,C11497T
P.2,NC_045512.2,11824,C,T,NA,NA,C11824T,C11824T
P.3,NC_045512.2,12049,C,T,NA,NA,C12049T,C12049T
P.2;P.3,NC_045512.2,12053,C,T,NA,NA,C12053T,C12053T
B.1.429,NC_045512.2,12100,C,T,NA,NA,C12100T,C12100T
B.1.214.2,NC_045512.2,12312,C,T,NA,NA,C12312T,C12312T
A.28,NC_045512.2,12469,C,T,NA,NA,C12469T,C12469T
P.1,NC_045512.2,12778,C,T,NA,NA,C12778T,C12778T
C.16,NC_045512.2,12789,C,T,NA,NA,C12789T,C12789T
C.16;C.36;C.37,NC_045512.2,13536,C,T,NA,NA,C13536T,C13536T
P.1,NC_045512.2,13860,C,T,NA,NA,C13860T,C13860T
B.1.1.153;B.1.1.170,NC_045512.2,13887,C,T,NA,NA,C13887T,C13887T
AT.1,NC_045512.2,1392,C,T,NA,NA,C1392T,C1392T
R.1,NC_045512.2,14340,C,T,NA,NA,C14340T,C14340T
B.1.525,NC_045512.2,14407,C,T,NA,NA,C14407T,C14407T
AT.1;B.1;B.1.1;B.1.1.1;B.1.1.153;B.1.1.170;B.1.1.197;B.1.1.232;B.1.1.29;B.1.1.318;B.1.1.347;B.1.1.39;B.1.1.7;B.1.1.70;B.1.160;B.1.177;B.1.177.86;B.1.214.2;B.1.221;B.1.222;B.1.258;B.1.258.17;B.1.351;B.1.427;B.1.429;B.1.525;B.1.526;B.1.526.1;B.1.526.2;B.1.616;B.1.617.1;B.1.617.2;B.1.620;B.1.621;C.16;C.36;C.37;P.1;P.2;P.3;R.1,NC_045512.2,14408,C,T,NA,NA,C14408T,C14408T
B.1.1.7,NC_045512.2,14676,C,T,NA,NA,C14676T,C14676T
B.1.258.17,NC_045512.2,14697,C,T,NA,NA,C14697T,C14697T
B.1.620,NC_045512.2,1473,C,T,NA,NA,C1473T,C1473T
B.1.1.29,NC_045512.2,14877,C,T,NA,NA,C14877T,C14877T
B.1.525,NC_045512.2,1498,C,T,NA,NA,C1498T,C1498T
B.1.1.7,NC_045512.2,15279,C,T,NA,NA,C15279T,C15279T
B.1.214.2;B.1.221;B.1.620,NC_045512.2,15324,C,T,NA,NA,C15324T,C15324T
A.28,NC_045512.2,16391,C,T,NA,NA,C16391T,C16391T
B.1.258.17;B.1.427,NC_045512.2,16394,C,T,NA,NA,C16394T,C16394T
A.27,NC_045512.2,16466,C,T,NA,NA,C16466T,C16466T
A.23.1,NC_045512.2,16575,C,T,NA,NA,C16575T,C16575T
AT.1,NC_045512.2,16985,C,A,NA,NA,C16985A,C16985A
P.3,NC_045512.2,17074,C,T,NA,NA,C17074T,C17074T
B.1.258;B.1.258.17,NC_045512.2,17104,C,T,NA,NA,C17104T,C17104T
P.3,NC_045512.2,17339,C,T,NA,NA,C17339T,C17339T
B.1.621,NC_045512.2,17491,C,T,NA,NA,C17491T,C17491T
A.23.1,NC_045512.2,17745,C,T,NA,NA,C17745T,C17745T
B.1.525,NC_045512.2,18171,C,T,NA,NA,C18171T,C18171T
B.1.258.17,NC_045512.2,18176,C,T,NA,NA,C18176T,C18176T
B.1.616,NC_045512.2,18508,C,T,NA,NA,C18508T,C18508T
B.1.1.170,NC_045512.2,18687,C,T,NA,NA,C18687T,C18687T
B.1.160;B.1.621;R.1,NC_045512.2,18877,C,T,NA,NA,C18877T,C18877T
B.1.1.153,NC_045512.2,1912,C,T,NA,NA,C1912T,C1912T
B.1.1.29,NC_045512.2,19185,C,T,NA,NA,C19185T,C19185T
R.1,NC_045512.2,19274,C,A,NA,NA,C19274A,C19274A
B.1.1.70,NC_045512.2,19718,C,T,NA,NA,C19718T,C19718T
B.1.616,NC_045512.2,1973,C,T,NA,NA,C1973T,C1973T
B.1.621,NC_045512.2,20148,C,T,NA,NA,C20148T,C20148T
B.1.1.170,NC_045512.2,2062,C,T,NA,NA,C2062T,C2062T
AT.1,NC_045512.2,20759,C,T,NA,NA,C20759T,C20759T
B.1.616,NC_045512.2,21077,C,T,NA,NA,C21077T,C21077T
B.1.526;B.1.526.2,NC_045512.2,21575,C,T,NA,NA,C21575T,C21575T
AT.1,NC_045512.2,21588,C,T,NA,NA,C21588T,C21588T
A.27;B.1.177.86;P.1,NC_045512.2,21614,C,T,NA,NA,C21614T,C21614T
B.1.617.2,NC_045512.2,21618,C,G,NA,NA,C21618G,C21618G
P.1,NC_045512.2,21621,C,A,NA,NA,C21621A,C21621A
B.1.620;P.1,NC_045512.2,21638,C,T,NA,NA,C21638T,C21638T
B.1.616,NC_045512.2,21691,C,T,NA,NA,C21691T,C21691T
B.1.616,NC_045512.2,21758,C,G,NA,NA,C21758G,C21758G
B.1.525,NC_045512.2,21762,C,T,NA,NA,C21762T,C21762T
C.37,NC_045512.2,21789,C,T,NA,NA,C21789T,C21789T
B.1.1.318;B.1.526;B.1.526.2,NC_045512.2,21846,C,T,NA,NA,C21846T,C21846T
B.1.221,NC_045512.2,21855,C,T,NA,NA,C21855T,C21855T
A.28,NC_045512.2,2197,C,T,NA,NA,C2197T,C2197T
A.23.1,NC_045512.2,22000,C,T,NA,NA,C22000T,C22000T
A.23.1,NC_045512.2,22033,C,A,NA,NA,C22033A,C22033A
B.1.258.17,NC_045512.2,22127,C,T,NA,NA,C22127T,C22127T
B.1.177;B.1.177.86,NC_045512.2,22227,C,T,NA,NA,C22227T,C22227T
B.1.1.29,NC_045512.2,2232,C,T,NA,NA,C2232T,C2232T
B.1.214.2,NC_045512.2,22802,C,A,NA,NA,C22802A,C22802A
B.1.222;B.1.258;B.1.258.17,NC_045512.2,22879,C,A,NA,NA,C22879A,C22879A
B.1.617.2,NC_045512.2,22995,C,A,NA,NA,C22995A,C22995A
B.1.1.153;B.1.1.170,NC_045512.2,23248,C,T,NA,NA,C23248T,C23248T
B.1.1.7,NC_045512.2,23271,C,A,NA,NA,C23271A,C23271A
A.27,NC_045512.2,23520,C,T,NA,NA,C23520T,C23520T
A.27;A.28;B.1.616;P.1,NC_045512.2,23525,C,T,NA,NA,C23525T,C23525T
B.1.1.318;B.1.1.7;B.1.620;B.1.621;P.3,NC_045512.2,23604,C,A,NA,NA,C23604A,C23604A
A.23.1;B.1.617.1;B.1.617.2,NC_045512.2,23604,C,G,NA,NA,C23604G,C23604G
B.1.351;B.1.526,NC_045512.2,23664,C,T,NA,NA,C23664T,C23664T
B.1.1.7;B.1.214.2,NC_045512.2,23709,C,T,NA,NA,C23709T,C23709T
B.1.1.1;C.16;C.36;C.37,NC_045512.2,23731,C,T,NA,NA,C23731T,C23731T
B.1.429,NC_045512.2,2395,C,T,NA,NA,C2395T,C2395T
B.1.1.29,NC_045512.2,24034,C,T,NA,NA,C24034T,C24034T
B.1.526.1;C.37,NC_045512.2,24138,C,A,NA,NA,C24138A,C24138A
AT.1;B.1;B.1.1;B.1.1.1;B.1.1.153;B.1.1.170;B.1.1.197;B.1.1.232;B.1.1.29;B.1.1.318;B.1.1.347;B.1.1.39;B.1.1.7;B.1.1.70;B.1.160;B.1.177;B.1.177.86;B.1.214.2;B.1.221;B.1.222;B.1.258;B.1.351;B.1.427;B.1.429;B.1.525;B.1.526;B.1.526.1;B.1.526.2;B.1.616;B.1.617.1;B.1.617.2;B.1.620;B.1.621;C.16;C.36;C.37;P.1;P.2;P.3;R.1,NC_045512.2,241,C,T,NA,NA,C241T,C241T
AT.1,NC_045512.2,24370,C,T,NA,NA,C24370T,C24370T
B.1.1.318,NC_045512.2,24382,C,T,NA,NA,C24382T,C24382T
B.1.620;P.1,NC_045512.2,24642,C,T,NA,NA,C24642T,C24642T
B.1.525,NC_045512.2,24748,C,T,NA,NA,C24748T,C24748T
P.3,NC_045512.2,24863,C,T,NA,NA,C24863T,C24863T
AT.1,NC_045512.2,25000,C,T,NA,NA,C25000T,C25000T
A.27,NC_045512.2,2509,C,T,NA,NA,C2509T,C2509T
B.1.1.318,NC_045512.2,25276,C,A,NA,NA,C25276A,C25276A
B.1.617.1;B.1.617.2,NC_045512.2,25469,C,T,NA,NA,C25469T,C25469T
B.1.526;B.1.526.1;B.1.526.2,NC_045512.2,25517,C,T,NA,NA,C25517T,C25517T
AT.1,NC_045512.2,25603,C,T,NA,NA,C25603T,C25603T
B.1.160,NC_045512.2,25710,C,T,NA,NA,C25710T,C25710T
A.28;B.1.351,NC_045512.2,25904,C,T,NA,NA,C25904T,C25904T
B.1.616,NC_045512.2,26333,C,T,NA,NA,C26333T,C26333T
B.1.351,NC_045512.2,26456,C,T,NA,NA,C26456T,C26456T
AT.1,NC_045512.2,26568,C,A,NA,NA,C26568A,C26568A
B.1.427;B.1.429,NC_045512.2,26681,C,T,NA,NA,C26681T,C26681T
B.1.160,NC_045512.2,26735,C,T,NA,NA,C26735T,C26735T
B.1.177,NC_045512.2,26801,C,G,NA,NA,C26801G,C26801G
B.1.177.86,NC_045512.2,26801,C,T,NA,NA,C26801T,C26801T
B.1.616,NC_045512.2,26895,C,T,NA,NA,C26895T,C26895T
B.1.616,NC_045512.2,27128,C,T,NA,NA,C27128T,C27128T
R.1,NC_045512.2,27213,C,T,NA,NA,C27213T,C27213T
A.27,NC_045512.2,27247,C,T,NA,NA,C27247T,C27247T
A.28,NC_045512.2,27294,C,T,NA,NA,C27294T,C27294T
P.1,NC_045512.2,2749,C,T,NA,NA,C2749T,C2749T
B.1.526.2,NC_045512.2,27739,C,T,NA,NA,C27739T,C27739T
B.1.617.2,NC_045512.2,27752,C,T,NA,NA,C27752T,C27752T
B.1.621,NC_045512.2,27925,C,A,NA,NA,C27925A,C27925A
B.1.526;B.1.526.1;B.1.526.2,NC_045512.2,27925,C,T,NA,NA,C27925T,C27925T
B.1.177.86,NC_045512.2,27944,C,T,NA,NA,C27944T,C27944T
B.1.1.7,NC_045512.2,27972,C,T,NA,NA,C27972T,C27972T
B.1.621,NC_045512.2,28005,C,T,NA,NA,C28005T,C28005T
B.1.621,NC_045512.2,28093,C,T,NA,NA,C28093T,C28093T
B.1.351;C.37;P.2,NC_045512.2,28253,C,T,NA,NA,C28253T,C28253T
B.1.525,NC_045512.2,28308,C,G,NA,NA,C28308G,C28308G
B.1.526.2;C.37,NC_045512.2,28311,C,T,NA,NA,C28311T,C28311T
A.28,NC_045512.2,28377,C,T,NA,NA,C28377T,C28377T
P.1,NC_045512.2,28512,C,G,NA,NA,C28512G,C28512G
B.1.1.347,NC_045512.2,28603,C,T,NA,NA,C28603T,C28603T
B.1.221,NC_045512.2,28651,C,T,NA,NA,C28651T,C28651T
R.1,NC_045512.2,28833,C,T,NA,NA,C28833T,C28833T
B.1.214.2,NC_045512.2,28846,C,T,NA,NA,C28846T,C28846T
B.1.1.39,NC_045512.2,28868,C,T,NA,NA,C28868T,C28868T
B.1.221;B.1.526,NC_045512.2,28869,C,T,NA,NA,C28869T,C28869T
B.1.214.2;B.1.351;B.1.427;B.1.429;B.1.525;B.1.526.1,NC_045512.2,28887,C,T,NA,NA,C28887T,C28887T
B.1.177;B.1.177.86;B.1.620,NC_045512.2,28932,C,T,NA,NA,C28932T,C28932T
B.1.1.7,NC_045512.2,28977,C,T,NA,NA,C28977T,C28977T
B.1.616,NC_045512.2,29095,C,T,NA,NA,C29095T,C29095T
B.1.616,NC_045512.2,29247,C,T,NA,NA,C29247T,C29247T
C.37,NC_045512.2,29311,C,T,NA,NA,C29311T,C29311T
B.1.616,NC_045512.2,29580,C,T,NA,NA,C29580T,C29580T
P.3,NC_045512.2,29724,C,T,NA,NA,C29724T,C29724T
P.2,NC_045512.2,29754,C,T,NA,NA,C29754T,C29754T
AT.1;B.1;B.1.1;B.1.1.1;B.1.1.153;B.1.1.170;B.1.1.197;B.1.1.232;B.1.1.29;B.1.1.318;B.1.1.347;B.1.1.39;B.1.1.7;B.1.1.70;B.1.160;B.1.177;B.1.177.86;B.1.214.2;B.1.221;B.1.222;B.1.258;B.1.258.17;B.1.351;B.1.427;B.1.429;B.1.525;B.1.526;B.1.526.1;B.1.526.2;B.1.616;B.1.617.1;B.1.617.2;B.1.620;B.1.621;C.16;C.36;C.37;P.1;P.2;P.3;R.1,NC_045512.2,3037,C,T,NA,NA,C3037T,C3037T
B.1.1.7,NC_045512.2,3267,C,T,NA,NA,C3267T,C3267T
B.1.617.1,NC_045512.2,3457,C,T,NA,NA,C3457T,C3457T
B.1.221,NC_045512.2,3602,C,T,NA,NA,C3602T,C3602T
P.1,NC_045512.2,3828,C,T,NA,NA,C3828T,C3828T
B.1.1.318,NC_045512.2,3961,C,T,NA,NA,C3961T,C3961T
C.16;C.36;C.37,NC_045512.2,4002,C,T,NA,NA,C4002T,C4002T
B.1.160,NC_045512.2,4543,C,T,NA,NA,C4543T,C4543T
A.23.1,NC_045512.2,4573,C,T,NA,NA,C4573T,C4573T
B.1.617.1,NC_045512.2,4965,C,T,NA,NA,C4965T,C4965T
B.1.616,NC_045512.2,5178,C,T,NA,NA,C5178T,C5178T
B.1.1.170,NC_045512.2,5184,C,A,NA,NA,C5184A,C5184A
B.1.1.7,NC_045512.2,5388,C,A,NA,NA,C5388A,C5388A
B.1.616,NC_045512.2,5884,C,T,NA,NA,C5884T,C5884T
B.1.214.2,NC_045512.2,5907,C,T,NA,NA,C5907T,C5907T
B.1.1.7,NC_045512.2,5986,C,T,NA,NA,C5986T,C5986T
B.1.621,NC_045512.2,6037,C,T,NA,NA,C6037T,C6037T
B.1.177.86,NC_045512.2,6040,C,T,NA,NA,C6040T,C6040T
B.1.525,NC_045512.2,6285,C,T,NA,NA,C6285T,C6285T
B.1.177;B.1.177.86,NC_045512.2,6286,C,T,NA,NA,C6286T,C6286T
B.1.1.347,NC_045512.2,6843,C,T,NA,NA,C6843T,C6843T
B.1.221,NC_045512.2,6941,C,T,NA,NA,C6941T,C6941T
AT.1,NC_045512.2,7005,C,A,NA,NA,C7005A,C7005A
B.1.616,NC_045512.2,7047,C,A,NA,NA,C7047A,C7047A
C.37,NC_045512.2,7124,C,T,NA,NA,C7124T,C7124T
P.3,NC_045512.2,7564,C,A,NA,NA,C7564A,C7564A
B.1.258;B.1.258.17,NC_045512.2,8047,C,T,NA,NA,C8047T,C8047T
P.3,NC_045512.2,8139,C,T,NA,NA,C8139T,C8139T
B.1.258.17,NC_045512.2,829,C,T,NA,NA,C829T,C829T
A;A.23.1;A.27;A.28,NC_045512.2,8782,C,T,NA,NA,C8782T,C8782T
B.1.526.2,NC_045512.2,8809,C,T,NA,NA,C8809T,C8809T
B.1.429,NC_045512.2,8947,C,T,NA,NA,C8947T,C8947T
B.1.1.318,NC_045512.2,9072,C,T,NA,NA,C9072T,C9072T
B.1.1.7,NC_045512.2,913,C,T,NA,NA,C913T,C913T
B.1.525,NC_045512.2,9565,C,T,NA,NA,C9565T,C9565T
B.1.1.153;C.16,NC_045512.2,9693,C,T,NA,NA,C9693T,C9693T
AT.1,NC_045512.2,9778,C,T,NA,NA,C9778T,C9778T
C.37,NC_045512.2,9857,C,T,NA,NA,C9857T,C9857T
B.1.1.318;B.1.526.1,NC_045512.2,9891,C,T,NA,NA,C9891T,C9891T
B.1.1.1;C.16;C.36;C.37,NC_045512.2,10097,G,A,NA,NA,G10097A,G10097A
B.1.1.70,NC_045512.2,10265,G,A,NA,NA,G10265A,G10265A
A.28,NC_045512.2,10850,G,A,NA,NA,G10850A,G10850A
B.1.616,NC_045512.2,11083,G,T,NA,NA,G11083T,G11083T
A.23.1,NC_045512.2,11230,G,T,NA,NA,G11230T,G11230T
A.23.1,NC_045512.2,11266,G,T,NA,NA,G11266T,G11266T
A.23.1,NC_045512.2,11521,G,T,NA,NA,G11521T,G11521T
B.1.526.1,NC_045512.2,11804,G,A,NA,NA,G11804A,G11804A
B.1.1.232,NC_045512.2,12191,G,T,NA,NA,G12191T,G12191T
B.1.258.17,NC_045512.2,12988,G,T,NA,NA,G12988T,G12988T
B.1.427,NC_045512.2,13713,G,A,NA,NA,G13713A,G13713A
B.1.160,NC_045512.2,13993,G,T,NA,NA,G13993T,G13993T
B.1.258.17,NC_045512.2,15598,G,A,NA,NA,G15598A,G15598A
B.1.160,NC_045512.2,15766,G,T,NA,NA,G15766T,G15766T
A.28;B.1.427;B.1.429,NC_045512.2,17014,G,T,NA,NA,G17014T,G17014T
B.1.160,NC_045512.2,17019,G,T,NA,NA,G17019T,G17019T
B.1.620,NC_045512.2,17110,G,T,NA,NA,G17110T,G17110T
P.1,NC_045512.2,17259,G,T,NA,NA,G17259T,G17259T
B.1.351,NC_045512.2,174,G,T,NA,NA,G174T,G174T
B.1.617.1,NC_045512.2,17523,G,T,NA,NA,G17523T,G17523T
R.1,NC_045512.2,17551,G,A,NA,NA,G17551A,G17551A
AT.1,NC_045512.2,17562,G,T,NA,NA,G17562T,G17562T
B.1.258.17,NC_045512.2,18028,G,T,NA,NA,G18028T,G18028T
AT.1,NC_045512.2,19180,G,T,NA,NA,G19180T,G19180T
B.1.258.17,NC_045512.2,19398,G,T,NA,NA,G19398T,G19398T
B.1.177.86,NC_045512.2,204,G,T,NA,NA,G204T,G204T
B.1.617.1;B.1.617.2,NC_045512.2,210,G,T,NA,NA,G210T,G210T
B.1.177;B.1.177.86,NC_045512.2,21255,G,C,NA,NA,G21255C,G21255C
B.1.427;B.1.429,NC_045512.2,21600,G,T,NA,NA,G21600T,G21600T
P.1,NC_045512.2,21974,G,T,NA,NA,G21974T,G21974T
B.1.616,NC_045512.2,21987,G,T,NA,NA,G21987T,G21987T
R.1,NC_045512.2,22017,G,T,NA,NA,G22017T,G22017T
B.1.427;B.1.429,NC_045512.2,22018,G,T,NA,NA,G22018T,G22018T
P.1,NC_045512.2,22132,G,T,NA,NA,G22132T,G22132T
A.27,NC_045512.2,22468,G,T,NA,NA,G22468T,G22468T
A.23.1,NC_045512.2,22661,G,T,NA,NA,G22661T,G22661T
B.1.351,NC_045512.2,22813,G,T,NA,NA,G22813T,G22813T
B.1.160;B.1.526.2;B.1.620,NC_045512.2,22992,G,A,NA,NA,G22992A,G22992A
AT.1;B.1.1.318;B.1.351;B.1.525;B.1.620;P.1;P.2;P.3;R.1,NC_045512.2,23012,G,A,NA,NA,G23012A,G23012A
B.1.617.1,NC_045512.2,23012,G,C,NA,NA,G23012C,G23012C
A.23.1,NC_045512.2,23401,G,T,NA,NA,G23401T,G23401T
B.1.616,NC_045512.2,23567,G,A,NA,NA,G23567A,G23567A
B.1.525,NC_045512.2,23593,G,C,NA,NA,G23593C,G23593C
R.1,NC_045512.2,23868,G,T,NA,NA,G23868T,G23868T
B.1.258.17,NC_045512.2,23876,G,A,NA,NA,G23876A,G23876A
AT.1,NC_045512.2,23900,G,A,NA,NA,G23900A,G23900A
B.1.1.318,NC_045512.2,23948,G,C,NA,NA,G23948C,G23948C
A.27,NC_045512.2,23948,G,T,NA,NA,G23948T,G23948T
B.1.617.2,NC_045512.2,24410,G,A,NA,NA,G24410A,G24410A
B.1.526.1,NC_045512.2,24410,G,C,NA,NA,G24410C,G24410C
P.3,NC_045512.2,24836,G,A,NA,NA,G24836A,G24836A
B.1.1.7;B.1.620,NC_045512.2,24914,G,C,NA,NA,G24914C,G24914C
P.1;P.2;P.3,NC_045512.2,25088,G,T,NA,NA,G25088T,G25088T
A.27,NC_045512.2,25218,G,T,NA,NA,G25218T,G25218T
B.1.160;B.1.351;B.1.427;B.1.429;B.1.526;B.1.526.1;B.1.526.2;B.1.616;B.1.621,NC_045512.2,25563,G,T,NA,NA,G25563T,G25563T
B.1.221,NC_045512.2,25906,G,C,NA,NA,G25906C,G25906C
B.1.258.17,NC_045512.2,25947,G,T,NA,NA,G25947T,G25947T
B.1.221,NC_045512.2,25996,G,T,NA,NA,G25996T,G25996T
AT.1,NC_045512.2,26211,G,T,NA,NA,G26211T,G26211T
B.1.525,NC_045512.2,2659,G,A,NA,NA,G2659A,G2659A
B.1.177.86,NC_045512.2,27870,G,T,NA,NA,G27870T,G27870T
B.1.429,NC_045512.2,27890,G,T,NA,NA,G27890T,G27890T
B.1.526.1,NC_045512.2,28044,G,T,NA,NA,G28044T,G28044T
B.1.1.7,NC_045512.2,28048,G,T,NA,NA,G28048T,G28048T
AT.1,NC_045512.2,28079,G,T,NA,NA,G28079T,G28079T
A.23.1;P.1,NC_045512.2,28167,G,A,NA,NA,G28167A,G28167A
B.1.1.318,NC_045512.2,28209,G,T,NA,NA,G28209T,G28209T
B.1.1.7,NC_045512.2,28280,G,C,NA,NA,G28280C,G28280C
A.23.1,NC_045512.2,28378,G,C,NA,NA,G28378C,G28378C
B.1.1.39,NC_045512.2,28487,G,A,NA,NA,G28487A,G28487A
P.2,NC_045512.2,28628,G,T,NA,NA,G28628T,G28628T
A.23.1;A.27,NC_045512.2,28878,G,A,NA,NA,G28878A,G28878A
P.1,NC_045512.2,28878,G,C,NA,NA,G28878C,G28878C
AT.1;B.1.1;B.1.1.1;B.1.1.153;B.1.1.170;B.1.1.197;B.1.1.232;B.1.1.29;B.1.1.318;B.1.1.347;B.1.1.39;B.1.1.7;B.1.1.70;C.16;C.36;C.37;P.1;P.2;P.3;R.1,NC_045512.2,28881,G,A,NA,NA,G28881A,G28881A
B.1.617.1;B.1.617.2,NC_045512.2,28881,G,T,NA,NA,G28881T,G28881T
AT.1;B.1.1;B.1.1.1;B.1.1.153;B.1.1.170;B.1.1.197;B.1.1.232;B.1.1.29;B.1.1.318;B.1.1.347;B.1.1.39;B.1.1.7;B.1.1.70;C.16;C.36;C.37;P.1;P.2;P.3;R.1,NC_045512.2,28882,G,A,NA,NA,G28882A,G28882A
AT.1;B.1.1;B.1.1.1;B.1.1.153;B.1.1.170;B.1.1.197;B.1.1.232;B.1.1.29;B.1.1.318;B.1.1.347;B.1.1.39;B.1.1.7;B.1.1.70;C.16;C.36;C.37;P.1;P.2;P.3;R.1,NC_045512.2,28883,G,C,NA,NA,G28883C,G28883C
C.36,NC_045512.2,28908,G,T,NA,NA,G28908T,G28908T
C.37,NC_045512.2,28913,G,T,NA,NA,G28913T,G28913T
B.1.526;B.1.526.1,NC_045512.2,28975,G,A,NA,NA,G28975A,G28975A
B.1.160,NC_045512.2,28975,G,C,NA,NA,G28975C,G28975C
P.2,NC_045512.2,28975,G,T,NA,NA,G28975T,G28975T
B.1.160,NC_045512.2,29399,G,A,NA,NA,G29399A,G29399A
B.1.617.1;B.1.617.2,NC_045512.2,29402,G,T,NA,NA,G29402T,G29402T
C.16,NC_045512.2,29422,G,T,NA,NA,G29422T,G29422T
R.1,NC_045512.2,29527,G,T,NA,NA,G29527T,G29527T
B.1.525,NC_045512.2,29543,G,T,NA,NA,G29543T,G29543T
B.1.177;B.1.177.86,NC_045512.2,29645,G,T,NA,NA,G29645T,G29645T
A.23.1;A.27;A.28,NC_045512.2,29742,G,A,NA,NA,G29742A,G29742A
B.1.617.1;B.1.617.2,NC_045512.2,29742,G,T,NA,NA,G29742T,G29742T
AT.1,NC_045512.2,3281,G,T,NA,NA,G3281T,G3281T
C.16,NC_045512.2,3302,G,A,NA,NA,G3302A,G3302A
A.28,NC_045512.2,521,G,T,NA,NA,G521T,G521T
B.1.351,NC_045512.2,5230,G,T,NA,NA,G5230T,G5230T
B.1.160,NC_045512.2,5629,G,T,NA,NA,G5629T,G5629T
B.1.526.2,NC_045512.2,6101,G,A,NA,NA,G6101A,G6101A
B.1.620,NC_045512.2,6236,G,A,NA,NA,G6236A,G6236A
B.1.1.318,NC_045512.2,7798,G,T,NA,NA,G7798T,G7798T
B.1.1.39,NC_045512.2,9130,G,T,NA,NA,G9130T,G9130T
P.3,NC_045512.2,9203,G,A,NA,NA,G9203A,G9203A
B.1.160,NC_045512.2,9526,G,T,NA,NA,G9526T,G9526T
B.1.427,NC_045512.2,9738,G,C,NA,NA,G9738C,G9738C
B.1.1.318,NC_045512.2,28895,GCTA,G,NA,NA,GCTA28895G,GCTA28895G
B.1.1.318;B.1.1.7;B.1.351;B.1.525;B.1.526;B.1.526.1;B.1.526.2;B.1.620;C.37;P.1,NC_045512.2,11287,GTCTGGTTTT,G,NA,NA,GTCTGGTTTT11287G,GTCTGGTTTT11287G
B.1.525,NC_045512.2,27204,GTTT,G,NA,NA,GTTT27204G,GTTT27204G
P.2,NC_045512.2,10667,T,G,NA,NA,T10667G,T10667G
AT.1,NC_045512.2,12620,T,A,NA,NA,T12620A,T12620A
B.1.1.7,NC_045512.2,16176,T,C,NA,NA,T16176C,T16176C
B.1.1.153,NC_045512.2,16456,T,C,NA,NA,T16456C,T16456C
B.1.1.232,NC_045512.2,16479,T,C,NA,NA,T16479C,T16479C
B.1.621,NC_045512.2,19035,T,C,NA,NA,T19035C,T19035C
R.1,NC_045512.2,19839,T,C,NA,NA,T19839C,T19839C
B.1.620,NC_045512.2,20049,T,C,NA,NA,T20049C,T20049C
B.1.620,NC_045512.2,21939,T,C,NA,NA,T21939C,T21939C
B.1.526.1,NC_045512.2,22032,T,C,NA,NA,T22032C,T22032C
C.37,NC_045512.2,22917,T,A,NA,NA,T22917A,T22917A
A.27;B.1.427;B.1.429;B.1.526.1;B.1.617.1;B.1.617.2;C.16,NC_045512.2,22917,T,G,NA,NA,T22917G,T22917G
B.1.616,NC_045512.2,23010,T,C,NA,NA,T23010C,T23010C
C.37,NC_045512.2,23031,T,C,NA,NA,T23031C,T23031C
B.1.1.318,NC_045512.2,23287,T,C,NA,NA,T23287C,T23287C
P.3,NC_045512.2,23341,T,C,NA,NA,T23341C,T23341C
P.3,NC_045512.2,24187,T,A,NA,NA,T24187A,T24187A
B.1.525,NC_045512.2,24224,T,C,NA,NA,T24224C,T24224C
B.1.429,NC_045512.2,24349,T,C,NA,NA,T24349C,T24349C
B.1.1.7,NC_045512.2,24506,T,G,NA,NA,T24506G,T24506G
B.1.258.17,NC_045512.2,24910,T,C,NA,NA,T24910C,T24910C
B.1.1.232,NC_045512.2,2537,T,G,NA,NA,T2537G,T2537G
A.27,NC_045512.2,25541,T,C,NA,NA,T25541C,T25541C
AT.1,NC_045512.2,25675,T,A,NA,NA,T25675A,T25675A
B.1.429,NC_045512.2,2597,T,C,NA,NA,T2597C,T2597C
P.1,NC_045512.2,26149,T,C,NA,NA,T26149C,T26149C
B.1.616,NC_045512.2,26304,T,G,NA,NA,T26304G,T26304G
R.1,NC_045512.2,26604,T,C,NA,NA,T26604C,T26604C
B.1.1.318;B.1.525;B.1.617.2,NC_045512.2,26767,T,C,NA,NA,T26767C,T26767C
B.1.160,NC_045512.2,26876,T,C,NA,NA,T26876C,T26876C
B.1.258.17,NC_045512.2,26972,T,C,NA,NA,T26972C,T26972C
B.1.1.39,NC_045512.2,27319,T,C,NA,NA,T27319C,T27319C
B.1.214.2,NC_045512.2,27576,T,C,NA,NA,T27576C,T27576C
B.1.617.1;B.1.617.2,NC_045512.2,27638,T,C,NA,NA,T27638C,T27638C
B.1.616,NC_045512.2,27757,T,A,NA,NA,T27757A,T27757A
A;A.23.1;A.27;A.28,NC_045512.2,28144,T,C,NA,NA,T28144C,T28144C
B.1.1.7,NC_045512.2,28282,T,A,NA,NA,T28282A,T28282A
B.1.616;B.1.620,NC_045512.2,28297,T,C,NA,NA,T28297C,T28297C
B.1.1.29,NC_045512.2,28382,T,C,NA,NA,T28382C,T28382C
B.1.526.2,NC_045512.2,28879,T,G,NA,NA,T28879G,T28879G
B.1.177;B.1.177.86,NC_045512.2,445,T,C,NA,NA,T445C,T445C
B.1.1.7,NC_045512.2,6954,T,C,NA,NA,T6954C,T6954C
P.1,NC_045512.2,733,T,C,NA,NA,T733C,T733C
C.37,NC_045512.2,7424,T,G,NA,NA,T7424G,T7424G
B.1.258;B.1.258.17,NC_045512.2,7767,T,C,NA,NA,T7767C,T7767C
B.1.525,NC_045512.2,8593,T,C,NA,NA,T8593C,T8593C
AT.1,NC_045512.2,9070,T,C,NA,NA,T9070C,T9070C
B.1.1.153,NC_045512.2,9151,T,C,NA,NA,T9151C,T9151C
B.1.616,NC_045512.2,9743,T,C,NA,NA,T9743C,T9743C
B.1.526;B.1.526.1;B.1.526.2;C.37;P.3,NC_045512.2,9867,T,C,NA,NA,T9867C,T9867C
B.1.1.7;B.1.526;B.1.526.1;B.1.526.2;P.3;R.1,NC_045512.2,28270,TA,T,NA,NA,TA28270T,TA28270T
B.1.525,NC_045512.2,28277,TCTG,T,NA,NA,TCTG28277T,TCTG28277T
B.1.616,NC_045512.2,27266,TTAAAGTTTCCATTTGGAATCTTGATTACA,T,NA,NA,TTAAAGTTTCCATTTGGAATCTTGATTACA27266T,TTAAAGTTTCCATTTGGAATCTTGATTACA27266T
B.1.1.7;B.1.525;B.1.526.1;B.1.616;B.1.620,NC_045512.2,21990,TTTA,T,NA,NA,TTTA21990T,TTTA21990T
AT.1,NC_045512.2,21966,TTTGTAATGATCCATTTTTGGGTGTTTA,T,NA,NA,TTTGTAATGATCCATTTTTGGGTGTTTA21966T,TTTGTAATGATCCATTTTTGGGTGTTTA21966T
P.3,NC_045512.2,21980,TTTTTGGGTG,T,NA,NA,TTTTTGGGTG21980T,TTTTTGGGTG21980T
